{
	"variables": [],
	"info": {
		"name": "1 - Login con credenciales erroneas",
		"_postman_id": "1ec20561-9fb3-9b98-c752-2270815dc782",
		"description": "",
		"schema": "https://schema.getpostman.com/json/collection/v2.0.0/collection.json"
	},
	"item": [
		{
			"name": "Iniciar sesion con credenciales erroneas",
			"event": [
				{
					"listen": "test",
					"script": {
						"type": "text/javascript",
						"exec": [
							"var data = JSON.parse(responseBody);",
							"pm.environment.set(\"sessionfalsatoken\", data.Id);",
							"",
							"",
							""
						]
					}
				}
			],
			"request": {
				"url": "{{url}}/session",
				"method": "POST",
				"header": [
					{
						"key": "Content-Type",
						"value": "application/json",
						"description": ""
					}
				],
				"body": {
					"mode": "raw",
					"raw": "{\n\t\"UserName\": \"admin\",\n\t\"Password\": \"admin\"\n}"
				},
				"description": ""
			},
			"response": []
		},
		{
			"name": "Obtener lista de usuarios",
			"event": [
				{
					"listen": "test",
					"script": {
						"type": "text/javascript",
						"exec": [
							"pm.sendRequest({{url}}+\"/users/\", function (err, response) {",
							"    console.log(response.json());",
							"});"
						]
					}
				}
			],
			"request": {
				"url": "{{url}}/users/",
				"method": "GET",
				"header": [
					{
						"key": "Content-Type",
						"value": "application/json",
						"description": ""
					},
					{
						"key": "sessiontoken",
						"value": "{{sessionfalsatoken}}",
						"description": ""
					}
				],
				"body": {
					"mode": "raw",
					"raw": "{\n\t\"FirstName\":\"Paul\",\n\t\"LastName\":\"Harris\",\n\t\"UserName\": \"adminthis\",\n\t\"Password\":\"pass\",\n\t\"PhoneNumber\": \"8232777223\",\n\t\"RoleId\": \"222ECCCC-6FCE-4B9F-A492-746C6C8A1BFA\"\n}"
				},
				"description": ""
			},
			"response": []
		}
	]
}