{
	"variables": [],
	"info": {
		"name": "3 - Login, agregar y obtener vehiculos",
		"_postman_id": "97edcee1-4b3f-431d-bd16-47d5b5531fbe",
		"description": "",
		"schema": "https://schema.getpostman.com/json/collection/v2.0.0/collection.json"
	},
	"item": [
		{
			"name": "Iniciar sesion",
			"event": [
				{
					"listen": "test",
					"script": {
						"type": "text/javascript",
						"exec": [
							"var data = JSON.parse(responseBody);",
							"pm.environment.set(\"sessiontoken\", data.Id);",
							"",
							"",
							""
						]
					}
				}
			],
			"request": {
				"url": "{{url}}/session",
				"method": "POST",
				"header": [
					{
						"key": "Content-Type",
						"value": "application/json",
						"description": ""
					}
				],
				"body": {
					"mode": "raw",
					"raw": "{\n\t\"UserName\": \"admin\",\n\t\"Password\": \"pass\"\n}"
				},
				"description": ""
			},
			"response": []
		},
		{
			"name": "Agregar vehiculo Onix",
			"request": {
				"url": "{{url}}/Vehicles/",
				"method": "POST",
				"header": [
					{
						"key": "sessiontoken",
						"value": "{{sessiontoken}}",
						"description": ""
					},
					{
						"key": "Content-Type",
						"value": "application/json",
						"description": ""
					}
				],
				"body": {
					"mode": "raw",
					"raw": "{\n\t\"VIN\": \"AAABBBCCC111\",\n\t\"Brand\" : \"Chevrolet\",\n\t\"Model\": \"Onix\",\n\t\"Color\": \"Black\",\n\t\"Type\" : \"0\",\n\t\"State\": \"0\",\n\t\"Year\": \"2015\"\n}"
				},
				"description": ""
			},
			"response": []
		},
		{
			"name": "Agregar vehiculo Palio",
			"request": {
				"url": "{{url}}/Vehicles/",
				"method": "POST",
				"header": [
					{
						"key": "sessiontoken",
						"value": "{{sessiontoken}}",
						"description": ""
					},
					{
						"key": "Content-Type",
						"value": "application/json",
						"description": ""
					}
				],
				"body": {
					"mode": "raw",
					"raw": "{\n\t\"VIN\": \"JJJPPPdafe4\",\n\t\"Brand\" : \"Fiat\",\n\t\"Model\": \"Palio\",\n\t\"Color\": \"White\",\n\t\"Type\" : \"0\",\n\t\"State\": \"0\",\n\t\"Year\": \"2013\"\n}"
				},
				"description": ""
			},
			"response": []
		},
		{
			"name": "Obtener lista de vehiculos",
			"request": {
				"url": "{{url}}/Vehicles/",
				"method": "GET",
				"header": [
					{
						"key": "sessiontoken",
						"value": "{{sessiontoken}}",
						"description": ""
					}
				],
				"body": {},
				"description": ""
			},
			"response": []
		}
	]
}