{
	"variables": [],
	"info": {
		"name": "4 - Crear Operario Puerto y Operario Patio",
		"_postman_id": "3d8c0998-751b-2cb9-78cb-65c34f20aa41",
		"description": "",
		"schema": "https://schema.getpostman.com/json/collection/v2.0.0/collection.json"
	},
	"item": [
		{
			"name": "Iniciar sesion",
			"event": [
				{
					"listen": "test",
					"script": {
						"type": "text/javascript",
						"exec": [
							"var data = JSON.parse(responseBody);",
							"pm.environment.set(\"sessiontoken\", data.Id);",
							"",
							"pm.globals.set(\"carrierName\", \"carrier\");"
						]
					}
				}
			],
			"request": {
				"url": "{{url}}/session",
				"method": "POST",
				"header": [
					{
						"key": "Content-Type",
						"value": "application/json",
						"description": ""
					}
				],
				"body": {
					"mode": "raw",
					"raw": "{\n\t\"UserName\": \"admin\",\n\t\"Password\": \"pass\"\n}"
				},
				"description": ""
			},
			"response": []
		},
		{
			"name": "Crear operario de puerto",
			"request": {
				"url": "{{url}}/Users",
				"method": "POST",
				"header": [
					{
						"key": "Content-Type",
						"value": "application/json",
						"description": ""
					},
					{
						"key": "sessiontoken",
						"value": "{{sessiontoken}}",
						"description": ""
					}
				],
				"body": {
					"mode": "raw",
					"raw": "{\n        \"UserName\": \"portoperatorguy\",\n        \"Password\": \"pass\",\n        \"FirstName\": \"testportguy\",\n        \"LastName\": \"port\",\n        \"PhoneNumber\": \"02490242\",\n        \"RoleId\": \"33333333-6fce-4b9f-a492-000000000000\",\n        \"Role\": {\n            \"Id\": \"33333333-6fce-4b9f-a492-000000000000\",\n            \"Name\": 2,\n            \"Permissions\": [\n                {\n                    \"Id\": \"4de1cccc-6fce-4b9f-a492-746c6c8a1bfa\",\n                    \"Name\": 1\n                },\n                {\n                    \"Id\": \"55e1cccc-6fce-4b9f-a492-746c6c8a1bfa\",\n                    \"Name\": 3\n                },\n                {\n                    \"Id\": \"66e1cccc-6fce-4b9f-a492-746c6c8a1bfa\",\n                    \"Name\": 6\n                },\n                {\n                    \"Id\": \"99e1cccc-6fce-4b9f-a492-746c6c8a1bfa\",\n                    \"Name\": 9\n                },\n                {\n                    \"Id\": \"13e1cccc-6fce-4b9f-a492-746c6c8a1bfa\",\n                    \"Name\": 13\n                }\n                ,\n                {\n                    \"Id\": \"17e1cccc-6fce-4b9f-a492-746c6c8a1bfa\",\n                    \"Name\": 17\n                }\n                \n            ]\n        }\n}"
				},
				"description": ""
			},
			"response": []
		},
		{
			"name": "Crear operario de patio",
			"event": [
				{
					"listen": "test",
					"script": {
						"type": "text/javascript",
						"exec": [
							"var data = JSON.parse(responseBody);",
							"pm.globals.set(\"yardOperatorId\", data.Id);",
							""
						]
					}
				}
			],
			"request": {
				"url": "{{url}}/Users",
				"method": "POST",
				"header": [
					{
						"key": "Content-Type",
						"value": "application/json",
						"description": ""
					},
					{
						"key": "sessiontoken",
						"value": "{{sessiontoken}}",
						"description": ""
					}
				],
				"body": {
					"mode": "raw",
					"raw": "{\n        \"UserName\": \"yardoperatorguy\",\n        \"Password\": \"pass\",\n        \"FirstName\": \"testyardguy\",\n        \"LastName\": \"yard\",\n        \"PhoneNumber\": \"99990242\",\n        \"RoleId\": \"44444444-6fce-4b9f-a492-000000000000\",\n        \"Role\": {\n            \"Id\": \"44444444-6fce-4b9f-a492-000000000000\",\n            \"Name\": 2,\n            \"Permissions\": [\n                {\n                    \"Id\": \"4de1caaa-6fce-4b9f-a492-746c6c8a1bfa\",\n                    \"Name\": 1\n                },\n                {\n                    \"Id\": \"55e1caaa-6fce-4b9f-a492-746c6c8a1bfa\",\n                    \"Name\": 3\n                },\n                {\n                    \"Id\": \"66e1caaa-6fce-4b9f-a492-746c6c8a1bfa\",\n                    \"Name\": 6\n                },\n                {\n                    \"Id\": \"99e1caaa-6fce-4b9f-a492-746c6c8a1bfa\",\n                    \"Name\": 9\n                },\n                {\n                    \"Id\": \"13e1caaa-6fce-4b9f-a492-746c6c8a1bfa\",\n                    \"Name\": 13\n                }\n                ,\n                {\n                    \"Id\": \"17e1caaa-6fce-4b9f-a492-746c6c8a1bfa\",\n                    \"Name\": 17\n                }\n                \n            ]\n        }\n}"
				},
				"description": ""
			},
			"response": []
		}
	]
}