{
	"variables": [],
	"info": {
		"name": "5 - Login, agrega y consulta lote",
		"_postman_id": "8edd9d88-7300-d512-820c-6d73e635e804",
		"description": "",
		"schema": "https://schema.getpostman.com/json/collection/v2.0.0/collection.json"
	},
	"item": [
		{
			"name": "Iniciar sesion",
			"event": [
				{
					"listen": "test",
					"script": {
						"type": "text/javascript",
						"exec": [
							"var data = JSON.parse(responseBody);",
							"pm.environment.set(\"sessiontoken\", data.Id);",
							"",
							"pm.globals.set(\"carrierName\", \"carrier\");"
						]
					}
				}
			],
			"request": {
				"url": "{{url}}/session",
				"method": "POST",
				"header": [
					{
						"key": "Content-Type",
						"value": "application/json",
						"description": ""
					}
				],
				"body": {
					"mode": "raw",
					"raw": "{\n\t\"UserName\": \"admin\",\n\t\"Password\": \"pass\"\n}"
				},
				"description": ""
			},
			"response": []
		},
		{
			"name": "Obtener usuario carrier",
			"event": [
				{
					"listen": "test",
					"script": {
						"type": "text/javascript",
						"exec": [
							"var data = JSON.parse(responseBody);",
							"pm.globals.set(\"carrierId\", data.Id);"
						]
					}
				}
			],
			"request": {
				"url": "{{url}}/users/{{carrierName}}",
				"method": "GET",
				"header": [
					{
						"key": "sessiontoken",
						"value": "{{sessiontoken}}",
						"description": ""
					}
				],
				"body": {},
				"description": ""
			},
			"response": []
		},
		{
			"name": "Obtener usuario creador",
			"event": [
				{
					"listen": "test",
					"script": {
						"type": "text/javascript",
						"exec": [
							"var data = JSON.parse(responseBody);",
							"pm.globals.set(\"creatorId\", data.Id);"
						]
					}
				}
			],
			"request": {
				"url": "{{url}}/users/admin",
				"method": "GET",
				"header": [
					{
						"key": "sessiontoken",
						"value": "{{sessiontoken}}",
						"description": ""
					}
				],
				"body": {},
				"description": ""
			},
			"response": []
		},
		{
			"name": "Obtener Onix",
			"event": [
				{
					"listen": "test",
					"script": {
						"type": "text/javascript",
						"exec": [
							"var data = JSON.parse(responseBody);",
							"",
							"pm.globals.set(\"vehicleOnixObject\", JSON.stringify(data));",
							"pm.globals.set(\"vehicleOnixId\", data.Id);",
							""
						]
					}
				}
			],
			"request": {
				"url": "{{url}}/Vehicles/AAABBBCCC111",
				"method": "GET",
				"header": [
					{
						"key": "sessiontoken",
						"value": "{{sessiontoken}}",
						"description": ""
					}
				],
				"body": {},
				"description": ""
			},
			"response": []
		},
		{
			"name": "Agregar nuevo lote",
			"request": {
				"url": "{{url}}/Lot/",
				"method": "POST",
				"header": [
					{
						"key": "Content-Type",
						"value": "application/json",
						"description": ""
					},
					{
						"key": "sessiontoken",
						"value": "{{sessiontoken}}",
						"description": ""
					}
				],
				"body": {
					"mode": "raw",
					"raw": "{\n\t\"Name\": \"Lote Octubre 1\",\n\t\"Description\" : \"Destinados a Young\",\n\t\"CarrierId\": \"{{carrierId}}\",\n\t\"CreatedById\": \"{{creatorId}}\",\n\t\"Vehicles\": [{{vehicle}}]\n}"
				},
				"description": ""
			},
			"response": []
		},
		{
			"name": "Consultar lotes",
			"request": {
				"url": "{{url}}/Lot",
				"method": "GET",
				"header": [
					{
						"key": "sessiontoken",
						"value": "{{sessiontoken}}",
						"description": ""
					}
				],
				"body": {},
				"description": ""
			},
			"response": []
		}
	]
}