{
	"variables": [],
	"info": {
		"name": "6 - Login, crea inspeccion, consulta inspeccion del vehiculo",
		"_postman_id": "95f52ae1-433d-ed57-754d-2a30c210783f",
		"description": "",
		"schema": "https://schema.getpostman.com/json/collection/v2.0.0/collection.json"
	},
	"item": [
		{
			"name": "Iniciar sesion",
			"event": [
				{
					"listen": "test",
					"script": {
						"type": "text/javascript",
						"exec": [
							"var data = JSON.parse(responseBody);",
							"pm.environment.set(\"sessiontoken\", data.Id);",
							"",
							"",
							"",
							"",
							"",
							"",
							"pm.globals.set(\"carrierName\", \"carrier\");"
						]
					}
				}
			],
			"request": {
				"url": "{{url}}/session",
				"method": "POST",
				"header": [
					{
						"key": "Content-Type",
						"value": "application/json",
						"description": ""
					}
				],
				"body": {
					"mode": "raw",
					"raw": "{\n\t\"UserName\": \"admin\",\n\t\"Password\": \"pass\"\n}"
				},
				"description": ""
			},
			"response": []
		},
		{
			"name": "Obtener operario del puerto",
			"event": [
				{
					"listen": "test",
					"script": {
						"type": "text/javascript",
						"exec": [
							"var data = JSON.parse(responseBody);",
							"pm.globals.set(\"portOperatorId\", data.Id);",
							"",
							"pm.globals.set(\"portOperatorObject\", JSON.stringify(data));"
						]
					}
				},
				{
					"listen": "prerequest",
					"script": {
						"type": "text/javascript",
						"exec": [
							"pm.globals.set(\"portOperatorName\", \"portguy\");"
						]
					}
				}
			],
			"request": {
				"url": "{{url}}/users/{{portOperatorName}}",
				"method": "GET",
				"header": [
					{
						"key": "sessiontoken",
						"value": "{{sessiontoken}}",
						"description": ""
					}
				],
				"body": {},
				"description": ""
			},
			"response": []
		},
		{
			"name": "Agregar nueva inspeccion",
			"request": {
				"url": "{{url}}/Inspections/",
				"method": "POST",
				"header": [
					{
						"key": "Content-Type",
						"value": "application/json",
						"description": ""
					},
					{
						"key": "sessiontoken",
						"value": "{{sessiontoken}}",
						"description": ""
					}
				],
				"body": {
					"mode": "raw",
					"raw": "[{\n\t\"DateTime\": \"15/10/2017\",\n\t\"Place\" : \"Galpon 1\",\n\t\"VehicleId\": \"0bfe60db-0aad-e711-aba6-84ef18b66a33\",\n\t\"InspectorId\": \"603e1ac9-2dad-e711-aba6-84ef18b66a33\",\n\t\"Type\" : \"0\",\n\t\"Damages\": [\n\t\t\t\t{\n\t\t\t\t\t\"Description\" : \"Parabrisas roto\",\n\t\t\t\t\t\"Images\" : []\n\t\t\t\t}\t\t\t   \n\t\t\t ]\n},\n{\n    \"Id\": \"0bfe60db-0aad-e711-aba6-84ef18b66a33\",\n    \"VIN\": \"AAABBBCCC111\",\n    \"Brand\": \"Chevrolet\",\n    \"Model\": \"Onix\",\n    \"Year\": 2015,\n    \"Color\": \"Black\",\n    \"FirstInspection\": null,\n    \"FirstInspectionId\": \"00000000-0000-0000-0000-000000000000\",\n    \"YardInspection\": null,\n    \"YardInspectionId\": \"00000000-0000-0000-0000-000000000000\",\n    \"Type\": 0,\n    \"State\": 2,\n    \"History\": [\n        {\n            \"Id\": \"0cfe60db-0aad-e711-aba6-84ef18b66a33\",\n            \"Datetime\": \"2017-10-09T12:59:40.957\",\n            \"Description\": \"Vehículo ingresado.\"\n        }\n    ]\n}]"
				},
				"description": ""
			},
			"response": []
		}
	]
}