{
  "id": "4a1e9388-0303-301f-94df-1637e3145073",
  "name": "Obligatorio1",
  "values": [
    {
      "enabled": true,
      "key": "url",
      "value": "localhost:60786/api",
      "type": "text"
    },
    {
      "enabled": true,
      "key": "sessiontoken",
      "value": "58ac21a7-3dad-e711-aba6-84ef18b66a33",
      "type": "text"
    }
  ],
  "timestamp": 1507586597805,
  "_postman_variable_scope": "environment",
  "_postman_exported_at": "2017-10-09T23:32:43.542Z",
  "_postman_exported_using": "Postman/5.2.1"
}